career_field,related_degrees,job_roles,growth_prospects,salary_range,overseas_opportunities,description
Software Development,"BS Computer Science, BS Software Engineering, BS Computer Engineering","Software Developer, Web Developer, Mobile App Developer, Full Stack Developer",Excellent,High,Excellent,"Software development is one of the fastest-growing career fields in Pakistan. With the rise of IT exports and freelancing, software developers have excellent job prospects both locally and internationally. Many companies offer remote work opportunities, making it possible to work for foreign companies while living in Pakistan."
Data Science,"BS Computer Science, BS Data Science, BS Statistics, BS Mathematics","Data Scientist, Data Analyst, Business Intelligence Analyst, Machine Learning Engineer",Excellent,Very High,Excellent,"Data science is an emerging field in Pakistan with high demand and limited supply of skilled professionals. Companies in finance, telecom, and e-commerce sectors are actively hiring data scientists. The field offers excellent growth prospects and competitive salaries."
Artificial Intelligence,"BS Computer Science, BS Artificial Intelligence, BS Electrical Engineering","AI Engineer, Machine Learning Engineer, Computer Vision Engineer, NLP Specialist",Excellent,Very High,Excellent,"AI is at the forefront of technological innovation with applications across industries. Pakistan has seen growth in AI startups and research centers. Professionals in this field command premium salaries and have excellent opportunities for international careers."
Electrical Engineering,"BS Electrical Engineering, BS Electronics Engineering","Electrical Engineer, Power Systems Engineer, Electronics Engineer, Control Systems Engineer",Very Good,Medium to High,Very Good,"Electrical engineers are employed in power companies, telecommunications, manufacturing, and construction sectors. The field offers stable employment with good growth prospects, especially in power and renewable energy sectors."
Mechanical Engineering,"BS Mechanical Engineering, BS Industrial Engineering","Mechanical Engineer, Design Engineer, Manufacturing Engineer, HVAC Engineer",Good,Medium to High,Very Good,"Mechanical engineers work in manufacturing, automotive, aerospace, and construction industries. The field offers stable employment in Pakistan with good opportunities for overseas work, especially in Middle Eastern countries."
Civil Engineering,"BS Civil Engineering, BS Structural Engineering","Civil Engineer, Structural Engineer, Construction Manager, Transportation Engineer",Good,Medium,Very Good,"Civil engineers are involved in infrastructure development projects including buildings, roads, bridges, and water systems. The construction boom in Pakistan and development projects like CPEC have created demand for civil engineers."
Medicine,"MBBS, BDS, DPT, Pharm-D","Doctor, Surgeon, Specialist, General Practitioner",Excellent,High,Excellent,"Medicine remains one of the most prestigious and secure career paths in Pakistan. After completing MBBS and house job, doctors can specialize in various fields. The profession offers excellent overseas opportunities, particularly in Middle Eastern countries, UK, and USA."
Nursing,"BS Nursing, Diploma in Nursing","Registered Nurse, Nurse Practitioner, Nursing Manager",Excellent,Medium to High,Excellent,"Nursing professionals are in high demand both locally and internationally. Pakistan faces a shortage of qualified nurses, leading to good job prospects. The profession offers excellent migration opportunities to countries like UK, USA, Canada, and Australia."
Business Administration,"BBA, BS Accounting & Finance, MBA","Business Manager, Marketing Executive, HR Manager, Finance Analyst",Good,Medium to High,Good,"Business graduates work across industries in management, marketing, finance, and human resources roles. Multinational companies and banks offer competitive packages, while startups provide growth opportunities."
Accounting & Finance,"BS Accounting & Finance, ACCA, CA","Accountant, Auditor, Financial Analyst, Tax Consultant",Very Good,Medium to High,Very Good,"Accounting professionals are always in demand across industries. Professional qualifications like ACCA and CA enhance career prospects and earning potential. The field offers good opportunities for international careers."
Teaching & Education,"B.Ed, M.Ed, Subject-specific degrees","Teacher, Lecturer, Educational Administrator, Curriculum Developer",Good,Low to Medium,Good,"Education sector offers stable employment with work-life balance. While public sector jobs offer job security, private institutions often provide better compensation. International schools and universities abroad offer opportunities for overseas careers."
Economics & Policy,"BS Economics, BS Public Policy","Economist, Policy Analyst, Research Associate, Consultant",Moderate,Medium,Good,"Economists work in government agencies, research organizations, banks, and international development organizations. The field requires advanced degrees for better career prospects."
Psychology & Counseling,"BS Psychology, MS Clinical Psychology","Psychologist, Counselor, HR Specialist, Researcher",Growing,Low to Medium,Moderate,"Mental health awareness is growing in Pakistan, creating demand for psychology professionals. The field is still developing, with better prospects in major cities and private practice."
Agriculture,"BS Agriculture, BS Food Sciences","Agricultural Scientist, Farm Manager, Food Technologist, Agricultural Economist",Moderate,Low to Medium,Moderate,"Agriculture is a vital sector of Pakistan's economy. Modern agricultural practices and technologies are creating new career opportunities. Agribusiness and food processing industries offer better growth prospects than traditional farming."
Telecommunications,"BS Electrical Engineering, BS Telecommunications","Telecom Engineer, Network Administrator, RF Engineer, VoIP Specialist",Good,Medium to High,Good,"Telecommunications sector in Pakistan has seen significant growth with the expansion of mobile networks and internet services. The field offers technical and managerial career paths with good compensation."
Renewable Energy,"BS Electrical Engineering, BS Mechanical Engineering, BS Energy Systems","Renewable Energy Engineer, Solar System Designer, Wind Energy Specialist",Excellent,Medium to High,Very Good,"Renewable energy is an emerging field in Pakistan with excellent growth prospects. Government initiatives and private investments in solar and wind energy are creating new job opportunities."
Digital Marketing,"BBA Marketing, BS Mass Communication, BS Computer Science","Digital Marketing Specialist, SEO Expert, Social Media Manager, Content Strategist",Excellent,Medium to High,Good,"Digital marketing has grown rapidly with the expansion of e-commerce and online businesses. The field offers freelancing opportunities and remote work for international clients."
Entrepreneurship,"Any degree with business acumen and innovation","Founder, Co-founder, Business Owner, Startup Consultant",Variable,Variable,Variable,"Entrepreneurship offers unlimited growth potential but comes with high risks. Pakistan's startup ecosystem is growing with incubators, accelerators, and venture capital becoming more accessible. Tech startups have better funding opportunities than traditional businesses."
Banking & Finance,"BBA, BS Economics, BS Accounting & Finance","Bank Officer, Credit Analyst, Investment Banker, Risk Manager",Good,Medium to High,Good,"Banking sector offers stable employment with structured career progression. Islamic banking is a growing niche with specialized career opportunities. The field requires professional certifications for advanced positions."
Graphic Design & Animation,"BFA, BS Design, BS Animation","Graphic Designer, UI/UX Designer, Animator, Visual Effects Artist",Very Good,Medium,Good,"Creative industries are growing in Pakistan with demand for design professionals in advertising, media, and tech companies. The field offers good freelancing opportunities with international clients."
Journalism & Media,"BS Mass Communication, BS Journalism","Journalist, News Anchor, Content Producer, Media Consultant",Moderate,Low to Medium,Moderate,"Traditional media faces challenges while digital media offers new opportunities. The field requires specialization and network building for career advancement."
Hospitality & Tourism,"BS Hospitality Management, BS Tourism","Hotel Manager, Tourism Consultant, Event Manager, Restaurant Manager",Growing,Medium,Good,"Tourism industry in Pakistan has growth potential with government initiatives to promote tourism. The field offers opportunities to work in international hotel chains and tourism companies."
Pharmaceutical Industry,"Pharm-D, BS Biotechnology, MBBS","Pharmacist, Clinical Research Associate, Regulatory Affairs Specialist",Very Good,Medium to High,Good,"Pharmaceutical industry offers diverse career paths in manufacturing, quality control, research, and marketing. The field requires specialized knowledge and certifications for advanced positions."
Biotechnology,"BS Biotechnology, BS Microbiology, BS Genetics","Biotechnologist, Research Scientist, Lab Manager, Bioinformatician",Growing,Medium to High,Very Good,"Biotechnology is an emerging field in Pakistan with applications in healthcare, agriculture, and environmental management. Research and development roles require advanced degrees."
